/home/genesis/code/ROS/catkin_ws/src/vision/face_recognition/src/face/face/1/0.pgm;1
/home/genesis/code/ROS/catkin_ws/src/vision/face_recognition/src/face/face/1/1.pgm;1
/home/genesis/code/ROS/catkin_ws/src/vision/face_recognition/src/face/face/1/2.pgm;1
/home/genesis/code/ROS/catkin_ws/src/vision/face_recognition/src/face/face/1/3.pgm;1
/home/genesis/code/ROS/catkin_ws/src/vision/face_recognition/src/face/face/1/4.pgm;1
/home/genesis/code/ROS/catkin_ws/src/vision/face_recognition/src/face/face/1/5.pgm;1
/home/genesis/code/ROS/catkin_ws/src/vision/face_recognition/src/face/face/1/6.pgm;1
/home/genesis/code/ROS/catkin_ws/src/vision/face_recognition/src/face/face/1/7.pgm;1
/home/genesis/code/ROS/catkin_ws/src/vision/face_recognition/src/face/face/1/8.pgm;1
/home/genesis/code/ROS/catkin_ws/src/vision/face_recognition/src/face/face/1/9.pgm;1
/home/genesis/code/ROS/catkin_ws/src/vision/face_recognition/src/face/face/1/10.pgm;1
/home/genesis/code/ROS/catkin_ws/src/vision/face_recognition/src/face/face/1/11.pgm;1
/home/genesis/code/ROS/catkin_ws/src/vision/face_recognition/src/face/face/1/12.pgm;1
/home/genesis/code/ROS/catkin_ws/src/vision/face_recognition/src/face/face/1/13.pgm;1
/home/genesis/code/ROS/catkin_ws/src/vision/face_recognition/src/face/face/1/14.pgm;1
/home/genesis/code/ROS/catkin_ws/src/vision/face_recognition/src/face/face/1/15.pgm;1
/home/genesis/code/ROS/catkin_ws/src/vision/face_recognition/src/face/face/1/16.pgm;1
/home/genesis/code/ROS/catkin_ws/src/vision/face_recognition/src/face/face/1/17.pgm;1
/home/genesis/code/ROS/catkin_ws/src/vision/face_recognition/src/face/face/1/18.pgm;1
/home/genesis/code/ROS/catkin_ws/src/vision/face_recognition/src/face/face/1/19.pgm;1
/home/genesis/code/ROS/catkin_ws/src/vision/face_recognition/src/face/face/1/20.pgm;1
/home/genesis/code/ROS/catkin_ws/src/vision/face_recognition/src/face/face/1/21.pgm;1
/home/genesis/code/ROS/catkin_ws/src/vision/face_recognition/src/face/face/1/22.pgm;1
/home/genesis/code/ROS/catkin_ws/src/vision/face_recognition/src/face/face/1/23.pgm;1
/home/genesis/code/ROS/catkin_ws/src/vision/face_recognition/src/face/face/1/24.pgm;1
/home/genesis/code/ROS/catkin_ws/src/vision/face_recognition/src/face/face/1/25.pgm;1
/home/genesis/code/ROS/catkin_ws/src/vision/face_recognition/src/face/face/1/26.pgm;1
/home/genesis/code/ROS/catkin_ws/src/vision/face_recognition/src/face/face/1/27.pgm;1
/home/genesis/code/ROS/catkin_ws/src/vision/face_recognition/src/face/face/1/28.pgm;1
/home/genesis/code/ROS/catkin_ws/src/vision/face_recognition/src/face/face/1/29.pgm;1
/home/genesis/code/ROS/catkin_ws/src/vision/face_recognition/src/face/face/1/30.pgm;1
/home/genesis/code/ROS/catkin_ws/src/vision/face_recognition/src/face/face/1/31.pgm;1
/home/genesis/code/ROS/catkin_ws/src/vision/face_recognition/src/face/face/1/32.pgm;1
/home/genesis/code/ROS/catkin_ws/src/vision/face_recognition/src/face/face/1/33.pgm;1
/home/genesis/code/ROS/catkin_ws/src/vision/face_recognition/src/face/face/1/34.pgm;1
/home/genesis/code/ROS/catkin_ws/src/vision/face_recognition/src/face/face/2/0.pgm;2
/home/genesis/code/ROS/catkin_ws/src/vision/face_recognition/src/face/face/2/1.pgm;2
/home/genesis/code/ROS/catkin_ws/src/vision/face_recognition/src/face/face/2/2.pgm;2
/home/genesis/code/ROS/catkin_ws/src/vision/face_recognition/src/face/face/2/3.pgm;2
/home/genesis/code/ROS/catkin_ws/src/vision/face_recognition/src/face/face/2/4.pgm;2
/home/genesis/code/ROS/catkin_ws/src/vision/face_recognition/src/face/face/2/5.pgm;2
/home/genesis/code/ROS/catkin_ws/src/vision/face_recognition/src/face/face/2/6.pgm;2
/home/genesis/code/ROS/catkin_ws/src/vision/face_recognition/src/face/face/2/7.pgm;2
/home/genesis/code/ROS/catkin_ws/src/vision/face_recognition/src/face/face/2/8.pgm;2
/home/genesis/code/ROS/catkin_ws/src/vision/face_recognition/src/face/face/2/9.pgm;2
/home/genesis/code/ROS/catkin_ws/src/vision/face_recognition/src/face/face/2/10.pgm;2
/home/genesis/code/ROS/catkin_ws/src/vision/face_recognition/src/face/face/2/11.pgm;2
/home/genesis/code/ROS/catkin_ws/src/vision/face_recognition/src/face/face/2/12.pgm;2
/home/genesis/code/ROS/catkin_ws/src/vision/face_recognition/src/face/face/2/13.pgm;2
/home/genesis/code/ROS/catkin_ws/src/vision/face_recognition/src/face/face/2/14.pgm;2
/home/genesis/code/ROS/catkin_ws/src/vision/face_recognition/src/face/face/2/15.pgm;2
/home/genesis/code/ROS/catkin_ws/src/vision/face_recognition/src/face/face/2/16.pgm;2
/home/genesis/code/ROS/catkin_ws/src/vision/face_recognition/src/face/face/2/17.pgm;2
/home/genesis/code/ROS/catkin_ws/src/vision/face_recognition/src/face/face/2/18.pgm;2
/home/genesis/code/ROS/catkin_ws/src/vision/face_recognition/src/face/face/2/19.pgm;2
/home/genesis/code/ROS/catkin_ws/src/vision/face_recognition/src/face/face/2/20.pgm;2
/home/genesis/code/ROS/catkin_ws/src/vision/face_recognition/src/face/face/2/21.pgm;2
/home/genesis/code/ROS/catkin_ws/src/vision/face_recognition/src/face/face/2/22.pgm;2
/home/genesis/code/ROS/catkin_ws/src/vision/face_recognition/src/face/face/2/23.pgm;2
/home/genesis/code/ROS/catkin_ws/src/vision/face_recognition/src/face/face/2/24.pgm;2
/home/genesis/code/ROS/catkin_ws/src/vision/face_recognition/src/face/face/2/25.pgm;2
/home/genesis/code/ROS/catkin_ws/src/vision/face_recognition/src/face/face/2/26.pgm;2
/home/genesis/code/ROS/catkin_ws/src/vision/face_recognition/src/face/face/2/27.pgm;2
/home/genesis/code/ROS/catkin_ws/src/vision/face_recognition/src/face/face/2/28.pgm;2
/home/genesis/code/ROS/catkin_ws/src/vision/face_recognition/src/face/face/2/29.pgm;2
/home/genesis/code/ROS/catkin_ws/src/vision/face_recognition/src/face/face/2/30.pgm;2
/home/genesis/code/ROS/catkin_ws/src/vision/face_recognition/src/face/face/2/31.pgm;2
/home/genesis/code/ROS/catkin_ws/src/vision/face_recognition/src/face/face/2/32.pgm;2
/home/genesis/code/ROS/catkin_ws/src/vision/face_recognition/src/face/face/2/33.pgm;2
/home/genesis/code/ROS/catkin_ws/src/vision/face_recognition/src/face/face/2/34.pgm;2
/home/genesis/code/ROS/catkin_ws/src/vision/face_recognition/src/face/face/2/35.pgm;2
/home/genesis/code/ROS/catkin_ws/src/vision/face_recognition/src/face/face/2/36.pgm;2
/home/genesis/code/ROS/catkin_ws/src/vision/face_recognition/src/face/face/2/37.pgm;2
/home/genesis/code/ROS/catkin_ws/src/vision/face_recognition/src/face/face/2/38.pgm;2
/home/genesis/code/ROS/catkin_ws/src/vision/face_recognition/src/face/face/2/39.pgm;2
/home/genesis/code/ROS/catkin_ws/src/vision/face_recognition/src/face/face/2/40.pgm;2
/home/genesis/code/ROS/catkin_ws/src/vision/face_recognition/src/face/face/2/41.pgm;2
/home/genesis/code/ROS/catkin_ws/src/vision/face_recognition/src/face/face/2/42.pgm;2
